"firstName","lastName","email","password"
"Justina","Espinoza","dui.fusce.aliquam@icloud.ca","LFM58JLV3XM"
"Tatum","Morse","diam.proin@protonmail.couk","RVN99FKO4JE"
"Colin","Melendez","eleifend@google.com","WES69DKC1BC"
"Sandra","Ross","erat.nonummy@outlook.couk","RCY93AVE4BP"
"Austin","Alexander","tincidunt@outlook.org","RAI66EVQ8TE"
"Ruby","Day","maecenas@yahoo.com","MHY18SUP3PL"
"Brenden","Pollard","mauris.rhoncus@hotmail.com","GPS45VRS7XU"
"Shad","Park","fermentum.arcu@hotmail.net","GNP43LMP3AM"
"Berk","Madden","primis.in@google.edu","GXU38WPT2UK"
"Malcolm","Hart","nunc.est@aol.com","TTB75EPN2SM"
"Caldwell","Kelley","feugiat@hotmail.org","MJJ01RSB5IV"
"Julian","Macdonald","fringilla@outlook.net","YMD36HSM0NB"
"Teagan","Byers","primis.in.faucibus@hotmail.ca","SOP52GEL5NF"
"Cody","Kane","justo.praesent@google.edu","UIP17ILU1OC"
"Chadwick","Wilkins","erat.etiam@outlook.com","MXT27GWM8FR"
"Felicia","Cox","mauris@icloud.ca","JSP55PBR3IP"
"Harrison","Madden","nascetur.ridiculus@hotmail.com","IQV43YPU9AI"
"Nomlanga","Alvarez","tempus@aol.couk","UCZ61BAX5VV"
"Wesley","Harding","sed.molestie@outlook.org","HVO92DLM1RZ"
"Josiah","Ortega","sed.est@yahoo.net","FHR69HJH4MI"
"Rina","Mayer","amet.faucibus.ut@aol.couk","FBE08RFQ1XP"
"Gary","Frye","justo.sit@protonmail.org","UHI15XLO1SP"
"Phoebe","Alvarado","sociis.natoque@icloud.net","TXS15DDD4YZ"
"Daria","Mclaughlin","non@google.org","LFK59GOJ3SG"
"Reece","Bell","eu.sem@outlook.org","BHX52OGZ4CH"
"Cadman","Robertson","donec@outlook.couk","BMP53BTX6GW"
"Leroy","Welch","pellentesque.ultricies.dignissim@protonmail.net","SPD08JTF9DI"
"Guinevere","Crosby","semper.pretium@yahoo.ca","VGZ60TRG7OT"
"Jescie","Saunders","diam.nunc@outlook.com","PXO27HIS8QW"
"Ursa","Cohen","et.ipsum@google.ca","GPK84JJF4ST"
"Ainsley","Larson","mauris.ut@protonmail.com","VMJ16OUO7MI"
"Edan","Baker","aliquam.nisl@google.edu","OSR33BQP4LY"
"Fletcher","Acosta","aliquam.rutrum@yahoo.couk","LBL84CJB4LE"
"Basil","Pollard","ut.erat@outlook.edu","WFV82FPR1XD"
"Zoe","Marsh","fusce.feugiat@hotmail.ca","SBF34DMC1UG"
"Cassady","Schneider","felis.donec@outlook.com","KHS32HMM7IS"
"Kessie","Leblanc","cum@hotmail.com","WVI37KKX5GF"
"Austin","Booker","sodales.mauris@yahoo.com","EDO56UDW1MQ"
"Stella","Ortega","rutrum.magna@protonmail.org","NQJ77LEI3BP"
"Sade","Bauer","faucibus.orci.luctus@google.ca","NDW84HAS8MI"
"Anthony","Patton","blandit.enim@icloud.net","WPS12LDG0KT"
"Xena","Mcdaniel","magna.nec@hotmail.net","WXK53CIT1NG"
"Nasim","Hale","viverra.maecenas.iaculis@yahoo.net","WRG77URE6PI"
"Lee","Pickett","orci@outlook.com","PDC72BIJ2JV"
"Bianca","Delaney","risus.duis@icloud.net","KTY33QUK8OF"
"Keane","Snider","magna@protonmail.org","PVI87KLI1YN"
"Audrey","Middleton","ac.eleifend@outlook.edu","NFZ29QKQ6MO"
"Hanae","Gould","sed.dui@google.com","UKY04IIJ7QG"
"Len","Ball","euismod.in@google.ca","JCM01CGO1KQ"
"Graiden","Vaughan","ante.lectus@hotmail.edu","UST50TCW6KQ"
"Calvin","Harris","sapien.cursus.in@aol.net","FIT54DLC8KG"
"Brady","Roach","tempus@outlook.org","MEM57ZTM6LU"
"Orson","Stark","montes.nascetur@yahoo.org","TNM62WSC3JL"
"Ulla","Owen","risus.nulla.eget@protonmail.net","MFR72YBH0XH"
"Samantha","Sloan","tempus.lorem.fringilla@aol.net","PTA56EIK7TM"
"Chaim","Wheeler","sed.et@protonmail.couk","ULK37LPL3IH"
"Peter","Nielsen","parturient.montes@outlook.net","DYK42LTO2GC"
"Melodie","Whitfield","montes.nascetur@protonmail.org","BVG15UNF2TW"
"Shelley","Rogers","mollis.vitae@google.net","DDR28NVQ6OC"
"Hedda","Little","cum.sociis@aol.net","PRL64URX2FU"
"Sage","Burke","arcu@outlook.net","TMT16FEJ0VU"
"Stacey","Bradshaw","lorem@hotmail.edu","UHK35EVP4BG"
"Ivor","Hutchinson","mauris.sagittis.placerat@protonmail.org","WHN17OUS8UZ"
"Demetrius","Baker","curabitur.egestas.nunc@outlook.ca","BUV03TJS9XP"
"Charde","Strong","nec@aol.org","TQH53UCT3MZ"
"Daryl","Mooney","magna.ut@google.com","WVO94WFB2SR"
"Yvette","Lynch","cursus.et@protonmail.edu","EIP25VQO6ED"
"Amethyst","Roberson","sociis.natoque.penatibus@google.org","VQV16NXX0RS"
"Tallulah","Diaz","non.egestas.a@icloud.net","VYX31AII7LE"
"Brianna","Taylor","feugiat@icloud.edu","BZP93IPI8CJ"
"Adam","Blake","imperdiet.ullamcorper@yahoo.org","IUX95SPJ8UB"
"Leandra","Castillo","adipiscing.lobortis.risus@hotmail.net","LFW39BFD9UZ"
"Ariana","Valentine","interdum.ligula@outlook.ca","GPF65MJW3NK"
"Elizabeth","Mccarthy","aliquet.diam@icloud.couk","GCW58ZLJ1XD"
"Isabella","Bowers","bibendum.fermentum@protonmail.edu","FWO13TXI5SQ"
"Alexa","Gilbert","scelerisque.sed@protonmail.edu","IJW16QDN8EC"
"Justina","Gallagher","pede.nec@protonmail.couk","ITE97RPT3OF"
"Ashely","Jordan","metus.in@yahoo.couk","OKR52GRX2DU"
"Cooper","Reese","id@protonmail.ca","ESZ22PCD0LS"
"Alden","Nicholson","metus.vitae@outlook.ca","RWO72HSR7WC"
"Clark","Patel","malesuada.integer@protonmail.ca","EZU58PHM3DX"
"Alea","Sexton","mauris.blandit@google.net","IBI02TDI6FK"
"Hyacinth","Vinson","sed.malesuada@protonmail.org","OTF74BIH1TE"
"Ruby","Gordon","venenatis@google.edu","WKM67LXH9IF"
"Lyle","Roman","viverra.donec@outlook.edu","GAE47PJD7VW"
"Levi","Erickson","enim.nec@outlook.com","KKL82MVY7SN"
"Cyrus","Phelps","amet.diam@outlook.net","BSQ58KUX8LW"
"Breanna","Bowers","hendrerit@google.ca","YNQ66SDT0XU"
"Joelle","Goff","magna.a@google.com","RDE51QGL6SW"
"Maia","Clements","eget.laoreet@hotmail.org","MRL78RDO3UC"
"Oren","Dalton","ligula.elit.pretium@hotmail.ca","WDI30WRP8FT"
"Lucas","Goodman","dolor.sit@outlook.couk","RON28JPC3XS"
"Hayfa","Steele","nunc.ac@yahoo.net","FEB71TZJ4JU"
"Hyatt","Wolf","gravida@aol.ca","GIW78YXE3NJ"
"Zeus","Cummings","orci.phasellus@yahoo.couk","JOK54PRA8KJ"
"Dexter","Hammond","vestibulum.ante.ipsum@yahoo.couk","BBG22TKU5NL"
"Paloma","Hurley","vel.est@aol.couk","YCE58ZGI1WD"
"Eliana","Barr","ligula.elit@icloud.net","NBN34UZC0SD"
"Matthew","Head","nibh@icloud.org","IGV63XMX4VM"
"Rae","Garrett","sociis@aol.org","SDS49JVN1NY"
"Rylee","Guthrie","egestas@protonmail.couk","VPG75SIQ0BS"
"Wing","Cole","phasellus.at@google.edu","VGD60GLN3LQ"
"Xandra","Levy","nonummy.ut.molestie@outlook.com","OCI85ULD7CM"
"Mollie","Young","cras.eget@outlook.com","DBW84UXL2GP"
"Harrison","Osborn","ipsum.dolor@icloud.edu","NML86AEG3MB"
"Yeo","Contreras","sed.sem.egestas@google.com","HGS38KUC7ZY"
"Ebony","Leblanc","eget.mollis.lectus@yahoo.org","CPK63NGM6VI"
"Lareina","Maynard","eros.non@yahoo.org","WEG92RJS5NW"
"Zephania","Mcfadden","augue@protonmail.com","VBE53PQV4ME"
"Cullen","Barron","dictum@aol.couk","UBM36CYS2VN"
"Meredith","Lott","ultricies.ornare@aol.ca","JJJ11BPI7IB"
"Lynn","Powers","ligula.aliquam@google.org","AJU71TYV5CA"
"Tanek","Sampson","vulputate@yahoo.com","SYV76PXT2MG"
"Blaze","Briggs","ac.turpis.egestas@google.net","AEH50FPE4TD"
"Quemby","Snider","commodo.tincidunt@aol.ca","SWD49JYE5NW"
"Lysandra","Velasquez","velit@hotmail.ca","GGH01NXV5CW"
"Zeus","Case","ut.tincidunt@aol.ca","QLB24ITM4FQ"
"Hiram","Bush","et@outlook.couk","TEL16ANM5VN"
"Keely","Stout","duis.risus@yahoo.edu","ISW79XGB1GU"
"Mia","Hyde","nunc.ut@hotmail.org1","YPN82OMG8VT"
"Ruby","Carrillo","turpis.in@google.com","QOM53MHE2XB"
"Ora","Harvey","id.ante@hotmail.net","QKI14DUI9TF"
"Jade","Mcgee","rutrum.justo@hotmail.org","GFO24KJM6MJ"
"Quynn","Wells","lacus.varius@google.net","WQR45ZDH3IO"
"Walker","Hahn","placerat.orci.lacus@icloud.edu","IUF38RZC5BJ"
"Kalia","Coleman","sodales.mauris@hotmail.ca","MSQ23RRQ8JG"
"Ashton","Dean","at.fringilla@icloud.ca","PGI25BJY6SF"
"Simon","George","odio.vel.est@yahoo.edu","ALJ64YVS4ER"
"Jerry","James","nec.mauris@icloud.edu","FQJ71IIJ8VP"
"Thaddeus","Cantu","porttitor.eros@yahoo.net","UGH15EFP9WO"
"Wang","Cohen","pede.nunc@aol.com","GZW72RYU9GW"
"Rashad","Austin","quisque@protonmail.org","OAI61BKP2MH"
"Jocelyn","Nicholson","in.faucibus@google.org","IUS93GIW8QU"
"Rigel","Hawkins","sed.dolor@aol.net","HHO92VXP7TY"
"Melyssa","Leach","lacinia.sed.congue@icloud.org","JWB38POP1TX"
"Hammett","Heath","mollis@google.net","DFT43ITE8UV"
"Christopher","Woods","et.malesuada.fames@google.org","YRI66YRW9EW"
"Benjamin","English","dapibus@hotmail.net","VJS75MFK7QT"
"Arden","Charles","enim.sed@icloud.org","TDV40PCV8GQ"
"Hall","Garrison","ipsum@yahoo.ca","VDX88HZU0IM"
"Nyssa","Britt","nulla.integer.urna@icloud.org","EBZ42NPH6CQ"
"Jared","Bennett","aliquam@protonmail.edu","ULC83HBP6CG"
"Molly","Dodson","tincidunt.congue@aol.ca","XAR44UKY1BQ"
"Lenore","Mclean","dolor.donec@icloud.couk","KWV51WIQ8BB"
"Vivian","Harvey","orci@hotmail.com","EEE74WJM4XQ"
"Lisandra","Stevens","nisi.sem@aol.couk","BRM48QTF0CU"
"Colin","Vega","mauris@protonmail.com","CYC52ABE9GI"
"Grady","Mejia","urna@icloud.com","XIE83UVN7BN"
"Erasmus","May","placerat.cras@protonmail.couk","EKT56SYX5MC"
"Howard","Sloan","vitae@outlook.net","DHL83NRL4QJ"
"Judah","Bowman","quisque.tincidunt@aol.org","YHJ14QUV3DR"
"Suki","Shaw","a@yahoo.org","DPB36COQ2VG"
"Steven","Juarez","non@yahoo.ca","RVZ16GEJ5HD"
"Jared","Sweeney","id.mollis@google.couk","BNW97WPV7RG"
"Sybill","Ryan","vel@outlook.couk","BTT54CJB6JG"
"Alfreda","Camacho","lacus.mauris.non@google.org","KFR41JDI7AI"
"Louis","Bolton","mauris.ipsum@outlook.com","UBP82XDG0QE"
"Garrison","Dyer","morbi@protonmail.ca","WUT64SRS6VE"
"Steven","Hoover","faucibus.morbi.vehicula@aol.ca","IVC42IFQ1MN"
"Rigel","Baxter","a.malesuada@google.edu","KBR25BOX6GH"
"Burke","Joseph","id.ante@protonmail.net","BTU58HPP3VN"
"Gloria","Ramos","ante.ipsum.primis@hotmail.couk","SOU78KLO2LZ"
"Buckminster","Simpson","aliquet.metus@google.edu","GEH77QPT1WR"
"Veda","Flores","maecenas@icloud.ca","OUB32SZP8RL"
"Jerry","Hendrix","felis.adipiscing@yahoo.couk","LLF34JRC3AD"
"Inga","Rhodes","mauris.blandit@icloud.couk","VQD42BPN8HM"
"Hall","Hernandez","orci.consectetuer@icloud.org","VVF38HWP1ES"
"Kaitlin","Lane","donec.elementum@outlook.org","DYR21WKH6YF"
"Colette","Reid","sapien.cras.dolor@protonmail.net","DLY26CZG1IQ"
"Bethany","Mcfadden","risus.a@protonmail.couk","DXF91FPH8MI"
"Rylee","O'connor","faucibus.morbi@icloud.ca","HXH22YUV8VI"
"Uta","Mcpherson","euismod.mauris@yahoo.ca","XFR17XZU1OI"
"Dawn","Delgado","cursus.a@outlook.edu","QSE65ARK2PO"
"Damon","Larsen","mi.lorem@hotmail.edu","GPB82UZV8NR"
"Aaron","Odom","porttitor.vulputate.posuere@icloud.net","SMK31FRV3UF"
"Geoffrey","Snow","nec.quam@protonmail.ca","VRU78KLX3SL"
"Emerald","Snider","natoque.penatibus.et@icloud.org","XMZ60CDP5HK"
"Rose","Parks","ante.vivamus.non@protonmail.couk","PGG17DQT4HI"
"Kiona","Berry","mus.proin.vel@google.org","EIB57DYA6BA"
"Joel","Moore","justo.nec.ante@icloud.org","JDG42FIJ3MI"
"William","Henson","elit.etiam@icloud.com","SNW71PEW0KX"
"Sybil","Scott","eros.turpis@icloud.couk","RGV41LFW4GU"
"Aquila","Nielsen","iaculis.lacus@google.edu","GLF75DAL3RK"
"Hilda","Carter","et@google.com","LIS74VSH6YH"
"Dustin","Mejia","mi.eleifend@google.net","TEP54ZMR5QD"
"Callum","Paul","at.nisi@hotmail.ca","YJQ41BQM1AX"
"Kitra","Leach","at@outlook.ca2","NSJ05KIV7LT"
"Rose","Colon","velit.eget@outlook.com","MCU87MPL7FS"
"Daria","May","neque.in@outlook.com","YIH87NGU5QD"
"Hope","Patel","mauris.ut@hotmail.couk","KHB69DCX8RW"
"Lunea","Perry","ligula.tortor@icloud.couk","UKV55LJY6NL"
"Gage","Middleton","dolor.quam@outlook.net","PCX73MQY2RT"
"Justina","Gordon","lorem@outlook.net","LZL27CKE5WV"
"Holmes","Duffy","id@aol.org","GHL83JLQ5NL"
"Lev","Bishop","senectus.et@aol.ca","BFG84JQV5VP"
"Castor","Cannon","ridiculus.mus@protonmail.org","ARX02MSY7JQ"
"Colton","Ratliff","nunc.ac.mattis@icloud.net","LZC89WRB7ZG"
"Carl","Bolton","et.rutrum@protonmail.net","NMK45CYU8NN"
"Aspen","Myers","curae.phasellus@icloud.org","RMV47MHZ7EY"
"Ryder","Noble","morbi.tristique.senectus@icloud.ca","HVN13ODT2DW"
"Kylie","Cameron","tortor.nibh@hotmail.couk","BYD47TNF0RA"
"Nero","Jensen","morbi.neque@protonmail.ca","RGX55HVC5EB"
"Skyler","Haynes","condimentum@yahoo.org","HMX32CID5VF"
"Leandra","Kinney","vitae.nibh@hotmail.org","ZVR12ROU7YD"
"Camilla","Mcintyre","tellus.non.magna@icloud.net","CBU67ANU8OH"
"Todd","Ashley","dolor@hotmail.ca","DHF23VHH6WT"
"Galena","Fry","suspendisse.commodo.tincidunt@aol.ca","DUN78BIE1UX"
"September","Stewart","libero.dui@yahoo.couk","CTQ76LFI4MQ"
"Aileen","Carr","nec@hotmail.ca","DVQ76SSX4XJ"
"Hayley","Ballard","id.sapien@hotmail.org","TDM92YJZ8IM"
"Sade","Huffman","lacus.nulla@icloud.ca","OVG16HAU4JC"
"Cody","Dunlap","nunc.ac@hotmail.org","FUR65HBI8XH"
"Gregory","Armstrong","sed.et.libero@outlook.ca","IHS55QDH8SN"
"Scarlet","Elliott","proin.vel.nisl@yahoo.net","UXG41MLW2GZ"
"Griffin","House","integer@icloud.couk","WQP87KGF2AJ"
"Cruz","Lane","nunc.ut@icloud.couk","OYH32DXA4IT"
"Brent","Park","risus@aol.net","UJJ04VQT0WU"
"Trevor","Alvarez","sapien@aol.edu","KCU34EKF8OV"
"Kennedy","Mclaughlin","est.mauris@protonmail.couk","JFK45DTG2PQ"
"Sybill","Carrillo","vehicula@aol.ca","XDF13IKW8GE"
"Kirestin","Richmond","vitae@aol.edu","JZD28KKL2PY"
"Hayley","Hanson","proin.nisl.sem@hotmail.com","QAR24NGG1EJ"
"Tanya","Avila","fringilla@icloud.net","QEM52VTO5UN"
"Isadora","Torres","proin@outlook.com","OBI48MLY3LR"
"Talon","Thompson","rutrum.magna@google.org","RDO81EFO5BQ"
"Lester","Crosby","nunc.sed@yahoo.edu","MSO36BUM6DL"
"Emery","Vega","quis.arcu.vel@protonmail.couk","THA68RKF5NU"
"Kenneth","Vega","nunc.risus@hotmail.com","XYH47PFJ1CU"
"Penelope","Cash","quis@outlook.net","HJL55TLR0WN"
"Caldwell","Hobbs","posuere.cubilia.curae@aol.com","EDT56YWD7XQ"
"Christopher","Jensen","vitae.dolor.donec@aol.org","VGN35RBU4RV"
"Russell","Dejesus","donec@protonmail.edu","UQQ52XMC6TL"
"Joshua","Griffin","commodo@outlook.couk","WEA62JSX2HK"
"Sylvia","Mcfarland","ultricies@hotmail.com1","YIC63CGB2JQ"
"Liberty","Floyd","mi.pede.nonummy@icloud.edu","GHU26AGD5OR"
"MacKenzie","Myers","adipiscing.ligula@hotmail.couk","NXW71LNX8DC"
"Lysandra","Washington","urna.nullam@google.edu","HXJ27GPW4TD"
"Amethyst","Caldwell","pede.sagittis.augue@protonmail.org","NKO24RQN8DD"
"Kadeem","Barnett","non.hendrerit@outlook.ca","MGF48MBV3XM"
"Charlotte","Ryan","porttitor@outlook.edu","FKE61NOP3CO"
"Russell","Watson","molestie.tellus@hotmail.org","SWS61AUO3TC"
"Guy","Gross","enim.suspendisse@protonmail.org","ZIV64FIF2FP"
"Aristotle","Shepard","dapibus.ligula.aliquam@protonmail.edu","BMO68PPW8PW"
"Portia","Chavez","faucibus.morbi@google.com","YNY39XGE7JK"
"Josiah","Walters","nullam.suscipit@google.couk","MBT28WWV5KC"
"Azalia","Pate","ut@yahoo.net","SMG97ZFK4IU"
"Farrah","Nicholson","nullam@hotmail.edu","GTV78ELA6NA"
"Hayley","Becker","libero.mauris@icloud.org","MGE85MUW6DJ"
"Elvis","Allen","habitant.morbi.tristique@protonmail.com","XGF34KRN7GD"
"Amal","Velazquez","convallis@protonmail.com","RDK52BGS6GL"
"Erasmus","Fitzpatrick","arcu.vestibulum@icloud.couk","OVZ61ENN6YR"
"Yvonne","Spencer","malesuada.id@yahoo.org","NEP13ITK0YX"
"Jakeem","Elliott","sem.semper@aol.ca","KDL02RXD1PD"
"Andrew","Walter","non@outlook.edu","LEY63XEL8SD"
"Jane","Roach","euismod.mauris@outlook.net","PNU12JFY2WX"
"Paula","Bond","lorem.donec.elementum@aol.ca","DDI34CXT8FT"
"Tucker","Ballard","vel@yahoo.org","DYB18LSN4DB"
"Audrey","Hodges","rutrum.urna.nec@icloud.com","GIN57IYK2XB"
"Mikayla","Holden","faucibus@google.net","TWZ73JFR2BB"
"Dillon","Bennett","lorem.eget@outlook.org","YQI65FDR1DQ"
"Donna","Bright","dis.parturient@outlook.com","SNU34XUF7WE"
"Avram","Butler","elit@yahoo.com","DUC62XIU4TL"
"Chaney","Merrill","id@protonmail.com","WXM73QLG7NK"
"Hilel","Mcdowell","nulla@outlook.com","GOP55DLX4HR"
"Quin","Webb","eu.dui@icloud.edu","DGR71JLR3DR"
"Joshua","Macdonald","vehicula.risus.nulla@icloud.net","LLM03SUA6LU"
"Scarlet","Castaneda","eu.nibh@hotmail.ca","GIK86TRI2PV"
"Dora","Duran","ligula@yahoo.ca","BBJ68BAL4BU"
"Kyra","Fuller","a@yahoo.couk","DDL68IRY6YE"
"Herman","Rios","diam.nunc@hotmail.net","DMH90NLN4RL"
"Kennan","Patrick","ipsum.phasellus@protonmail.com","GTY11PXF6FW"
"Malachi","Cash","pellentesque@hotmail.org","JCO61BCW5YV"
"Lester","Estes","eget.magna.suspendisse@outlook.ca","DRZ37IUP6BQ"
"Nomlanga","Dunn","cum.sociis@yahoo.net","TSI27VMQ9SG"
"Amos","Mathis","diam.at@yahoo.ca","SQR23KAI2LD"
"Ina","Kirk","a.ultricies.adipiscing@icloud.net","YWK16FEM8QH"
"Troy","Heath","sed@google.com","QSX61VRP3EZ"
"Mia","Hernandez","iaculis.nec@yahoo.edu","HGT94LLI2VW"
"Kalia","Chaney","gravida@yahoo.com","EPZ26EEY5EC"
"Hop","Holden","malesuada.ut@protonmail.net","FIH63SMG0FR"
"Sydnee","Knowles","non.massa@outlook.net","PVW88KJP5EO"
"Jasper","Clements","nisl@icloud.org","YPN27XBY5HT"
"Silas","Reilly","tempor.diam@protonmail.net","GCT50KQJ9ZI"
"Rahim","Norton","nisl.arcu@icloud.net","ECK51ODO1PF"
"Idola","Kirkland","tempor.augue@hotmail.net","TOW51SIU4HM"
"Lester","Bowman","amet.risus.donec@hotmail.edu","VJR90IBL3YX"
"Leigh","Harding","metus@aol.com","YKN47MIO8EN"
"Anika","Hawkins","pede.suspendisse.dui@aol.ca","XIO83WSI3WT"
"Ross","Briggs","blandit.at@icloud.couk","FEB30FUK0HV"
"Harlan","Duke","bibendum.ullamcorper@icloud.org","SPH26WWS4FB"
"Dillon","Hendricks","malesuada.fringilla@aol.net","PTE28YFK9NM"
"Malik","Campos","morbi.vehicula.pellentesque@icloud.ca","EHN16ORD4LD"
"Trevor","Fox","nunc@icloud.edu","XJU84WCQ1GM"
"Kerry","Hickman","sed.pharetra@hotmail.net","RBV11ZYT5JW"
"Tanner","Booker","sed.congue@hotmail.couk","PVF23STD4BF"
"Yen","Hernandez","urna.justo.faucibus@icloud.com","UCT03BHD3QP"
"Hector","Newton","aliquam.erat@outlook.org","IXP35TRS9OM"
"Herman","Payne","ornare.fusce@icloud.ca","VIS93QED8SX"
"Price","Tyler","magna@aol.ca","NYL16CHQ7SF"
"Ezra","Dean","vulputate.dui@hotmail.edu","SZA35VOX5OS"
"Wanda","Puckett","erat@google.edu","YYR94RWM6EO"
"Keiko","Macias","non.massa@google.edu","JFI75MRR3BD"
"Kessie","Wiggins","libero.est.congue@outlook.com","ZLX73UCX6LW"
"Gay","Vincent","ligula@aol.net","EML25PRG7JF"
"Moses","Jacobs","pretium.et@google.com","XGU62MKA1ZN"
"Norman","Hunter","tellus.aenean@yahoo.edu","MDA90EPL7WN"
"Myra","Mcfarland","diam.luctus@aol.net","UVP14OFE6YT"
"Joshua","Ferguson","risus@icloud.net","BQF18TSX0HH"
"Britanni","Barnes","eu@protonmail.net","RWX12LIN5SC"
"Molly","Rollins","enim.nisl@icloud.org","USQ77QNT3JD"
"Connor","Wilson","libero.at@yahoo.couk","GUS64BFI5HZ"
"Carla","Henson","velit.aliquam.nisl@hotmail.edu","GVK05JDV9GU"
"Shelley","Garrison","proin.eget@outlook.com","ARR31JWF7QX"
"Carter","Fitzpatrick","ornare.egestas@yahoo.net","BVX67MIZ1CK"
"Brennan","Cash","felis.donec.tempor@aol.com","KSL47XYT4BO"
"Mara","Morales","donec.feugiat.metus@outlook.couk","IUC78DAB4VJ"
"Rajah","Norris","integer.vulputate.risus@protonmail.org","VVH25TWH9HY"
"Duncan","Christensen","est.mauris@protonmail.edu","VUF43VXY6TE"
"Cade","Wilkins","aliquam@google.org","VVX86YUQ4ER"
"Thane","Beach","in@google.couk","RDP56CLW8UY"
"Urielle","Kirby","faucibus.leo@protonmail.net","TLH15TJE7JT"
"Ira","Elliott","donec.tempus@google.couk","CMN15HEB6EB"
"Allen","Delaney","mauris@yahoo.ca","VCG56EUI5ET"
"Autumn","Solis","sed.eu.nibh@google.com","KHW54FGT6DU"
"Leo","Warner","donec.dignissim.magna@hotmail.net","DYK35YIL6LE"
"Amethyst","Watson","suspendisse.eleifend.cras@yahoo.ca","HWS57MFN8EU"
"Laith","Rosales","nec.ligula@outlook.com","SPY15FWP3HU"
"Kieran","Cross","scelerisque.neque@hotmail.org","DIU68SED4GX"
"Lydia","Reilly","et.netus@yahoo.ca","SOT37GHU4SH"
"Orson","Maynard","proin@protonmail.net","MKO12IKQ6YI"
"Abel","Weber","et.malesuada.fames@google.ca","VHM67LXD5GM"
"Glenna","Gay","penatibus.et.magnis@hotmail.org","VGC92YIF5SJ"
"August","Hendricks","rutrum.magna@icloud.edu","IKD45GCU6KX"
"Evangeline","Hutchinson","non.arcu.vivamus@google.edu","PPF26XGZ7MC"
"Tasha","West","neque.vitae.semper@outlook.ca","NWN84ZQN1JW"
"Trevor","Cooke","in.lobortis@icloud.ca","JFN74APZ4BW"
"Darrel","Wise","interdum@protonmail.com","HPB40TBZ2BJ"
"Talon","Howard","risus.at@yahoo.org","LEE84OLX4JX"
"Julian","Haley","eget@outlook.net","OQX02HMA6WB"
"Lee","Cantu","ut.dolor@hotmail.org","HEE52WTJ6EI"
"Catherine","Beasley","tortor@aol.com","ZIL11MCP3HP"
"Demetrius","Reynolds","donec.egestas.duis@yahoo.edu","KYO55BMT0JL"
"Porter","Kerr","libero.proin@aol.com","CIP16QSS2MR"
"Rigel","Henry","aliquam.erat.volutpat@icloud.couk","OKT38SQC2VH"
"Xanthus","Allen","integer.in.magna@google.com","TVH41YBG2NN"
"Christopher","Garrett","cum.sociis.natoque@protonmail.couk","HAO27IWG1XC"
"Amaya","Griffith","suspendisse.sagittis@yahoo.ca","LQM91YPE6FH"
"Tanek","Gibson","nisl.maecenas.malesuada@protonmail.net","PFI10SLC6UQ"
"Sydnee","Mcpherson","egestas.sed.pharetra@protonmail.couk","YAX18BKP2FL"
"Lacey","Glenn","ac.sem@icloud.com","YXT78HNE7NT"
"Flynn","Sheppard","ipsum@aol.net","NZD62HMZ4EX"
"Jerome","Roman","erat.volutpat@hotmail.net","RCC31SCN4KE"
"Daniel","Munoz","imperdiet.nec@icloud.com","ZGS81RSA6QQ"
"Preston","Gamble","non.justo@protonmail.edu","NFN94VXI2PM"
"Burton","Cooke","aliquet.nec@google.org","UCO25ZQO6EK"
"Hyacinth","Montgomery","cursus.et@protonmail.edu1","KWU27TDC1WJ"
"Darryl","Berger","ultrices.duis.volutpat@protonmail.net","XVR44OFQ3YI"
"Maris","England","massa.integer@google.ca","GIJ51GSI4FX"
"Jesse","Mcdowell","adipiscing.elit@aol.edu","QTN88IWN5IW"
"Clayton","Schmidt","nec.quam.curabitur@icloud.net","YEJ57PZL1TJ"
"Breanna","Bright","elit.curabitur@google.edu","ZGV57RJO3KF"
"Leigh","Edwards","commodo.at@protonmail.org","DGL82BFC4DW"
"Caldwell","Scott","luctus@hotmail.com","YVM47WNB7PX"
"Bruno","Dunlap","ac.ipsum@google.org","QWB27MLC8FW"
"Bevis","Mcneil","mauris.id@icloud.ca","BFO69KOH7ON"
"Stone","Luna","sed@google.edu","KBG26YEL4HO"
"Ariel","Austin","cras.eu@icloud.ca","PNQ22PHQ3YH"
"Victor","Guzman","morbi.vehicula.pellentesque@yahoo.edu","NYW61VSM4EJ"
"Cooper","Lloyd","tempus@google.edu","KHS70TOX8DG"
"Lee","Donaldson","posuere.cubilia.curae@icloud.org","PJP53CWI6NC"
"Keith","Marquez","tellus.lorem@hotmail.net","TFF26LNW7UY"
"Brittany","Shelton","cras.dictum.ultricies@hotmail.ca","UNG18CEP1QK"
"Beau","Love","donec@aol.net","FOS25WQB5DG"
"Brody","Ellison","donec.egestas@hotmail.org","QGS79DBS4DX"
"Ciaran","Benjamin","cubilia.curae@aol.com","NHT10WWG5UA"
"Linda","Leblanc","nec@hotmail.net","TGW76GUN1IR"
"Christopher","Skinner","feugiat.placerat@aol.com","DHU24CRG7IT"
"Faith","Stafford","lorem@outlook.org","VWH99LJF1WH"
"Delilah","Rose","risus@aol.ca","IWQ47EZQ6TI"
"Blythe","Hernandez","blandit.nam@yahoo.net","SIT26IOL3KL"
"Sydney","Carney","viverra.donec@hotmail.ca","XFW85RIK5NG"
"Stephen","Stanley","nisl.quisque@aol.couk","RUM11GJC2QP"
"Wyatt","Wood","nunc@hotmail.org","CFG58TPR9RM"
"Cyrus","Hebert","interdum.enim.non@aol.couk","EUG58EMV8CD"
"Idona","Boyle","porttitor.tellus@aol.net","KUM29FTC2NE"
"Leo","Langley","morbi.metus@icloud.ca","TRK86GJN6ZP"
"Abra","Workman","felis.adipiscing@hotmail.ca","DDA30XOH5CJ"
"Brenden","Raymond","ac.orci.ut@google.org","FXL23OVB0UE"
"Aladdin","Cummings","quis.pede@protonmail.net","OUY61CIV1SC"
"Vincent","Sears","placerat@yahoo.edu","DYB07MDO7RA"
"Lawrence","Wilkins","vehicula.pellentesque.tincidunt@outlook.com","HKG35DDK3CW"
"Chelsea","Sargent","nunc.sed.libero@protonmail.net","DXW24QTB2VI"
"Dieter","Davidson","lobortis.mauris@aol.ca","DJE57VPC6KC"
"Allen","Mcleod","libero@hotmail.com","FTG55HNS1UO"
"Piper","Franks","arcu.imperdiet@google.couk","OQN24GJL2NJ"
"Selma","Maddox","vulputate.nisi.sem@outlook.edu","ZPG15IHD9QS"
"Lars","Kemp","lorem.donec@protonmail.edu","OPG43LDL3FT"
"Declan","Harrell","adipiscing.lacus.ut@hotmail.couk","VOT34UJJ5XI"
"Dylan","Kent","ut.sem@hotmail.net","GKB44LEY8UM"
"Katelyn","Riggs","egestas.sed.pharetra@aol.couk","IVN61EFY1RI"
"Jordan","Rosa","libero.nec.ligula@google.net","QXX59JZW0FC"
"Kylee","Bowen","facilisis.lorem.tristique@hotmail.edu","YCP78ZQB7YY"
"Yeo","Hogan","lorem.ipsum.dolor@yahoo.com","FVX48RQE7ES"
"Chancellor","Mathis","euismod.est.arcu@protonmail.net","CYW43WPO7IS"
"Darius","Herring","mauris.rhoncus.id@protonmail.net","HHO88GIK8DE"
"Tashya","Knapp","nam.porttitor@yahoo.org","DCI79QRP4HL"
"Madonna","Todd","vestibulum@protonmail.couk","SHE84LVM6TW"
"Fredericka","York","suspendisse.sed@protonmail.couk","WBV38YUN8IZ"
"Zeph","Byers","ultrices@protonmail.net","UTM85OSE1KU"
"Alvin","Rich","hymenaeos.mauris.ut@icloud.ca","KCF25SOT4RX"
"Benedict","Howell","facilisis.non@icloud.net","JEV27YGM5KE"
"Erin","Briggs","luctus.vulputate@google.couk","ZLX99JEB0ET"
"Leo","Park","dui.cum.sociis@google.ca","TMF61QYF3GG"
"Jemima","Burgess","enim.gravida@icloud.com","UBU82WWT1CN"
"Rhonda","Harvey","faucibus.orci@google.ca","QMX23UQO4IB"
"Arthur","Hudson","arcu.vestibulum.ante@outlook.couk","HVP68VWL5EU"
"Hilary","Gallegos","aliquam@hotmail.org","AZL66CCS4TI"
"Charity","Rodriguez","parturient.montes.nascetur@aol.couk","XLL05WTB5HP"
"Ciaran","Pennington","neque.pellentesque.massa@yahoo.ca","ONK85FTW8EM"
"Lacota","Mccullough","egestas@yahoo.ca","SKP74KKG8LY"
"Lev","Cummings","orci.adipiscing.non@icloud.net","VDH73DZT6FV"
"Price","Combs","montes.nascetur.ridiculus@google.edu","WHM78HLU5IM"
"Karyn","Snider","sodales.nisi@outlook.edu","LTE60YIC9TG"
"Jarrod","Kemp","erat.volutpat@outlook.org","DCF73HWK3PB"
"Medge","Gilliam","magna@hotmail.edu","FGJ65REW4IV"
"Ray","Lester","adipiscing.enim@icloud.ca","ICT29MBK3SE"
"Knox","Rosa","metus.eu@yahoo.org","TQJ34LYE2FO"
"Ethan","Chan","aliquam.erat@yahoo.com","YAJ19FYK0QZ"
"Jelani","Cook","suspendisse.aliquet@hotmail.couk","RWC90TGN5BW"
"Cedric","Fry","condimentum.eget@hotmail.org","VPB28GDR6SA"
"Zahir","Dejesus","blandit.enim.consequat@yahoo.com","JCH97JPS7EG"
"Chester","Peterson","dui.quis@google.net","IWL65YKB8QG"
"Eve","Walker","sed.nunc.est@icloud.com","RLR60QSX7PF"
"Jameson","Turner","neque.sed@outlook.com","THM71FAJ5AH"
"Hedley","Castro","purus.mauris.a@hotmail.edu","VHM35MCY8LE"
"Vance","Rojas","malesuada.fames@hotmail.couk","POL77LXE6UC"
"Heather","Morrison","aenean.sed.pede@aol.edu","RIH34RYW6JP"
"Patricia","Dotson","integer@protonmail.com","ONO77ZJY8KO"
"Gemma","Reilly","faucibus.orci@aol.edu","JGQ10IOC1ZT"
"Cole","O'Neill","lorem@google.edu","MHY66UGQ3NK"
"Bryar","Hubbard","ullamcorper.duis@hotmail.com","YMH22TKF4QW"
"Yasir","Barron","non.enim@aol.couk","KVD96HSH7BO"
"Charlotte","Jacobs","arcu.vestibulum@outlook.com1","BYP41QUQ8ZF"
"Jaime","Arnold","ac@aol.couk","MLB51KLG4HI"
"Dillon","Daugherty","magna.tellus.faucibus@hotmail.couk","SUV06NWP1AT"
"Keith","Carlson","a.malesuada@protonmail.edu","IRJ18ERT2HR"
"Raja","Buckley","donec.feugiat@protonmail.org","MAT41RYG7UR"
"Benjamin","Stone","donec.non@hotmail.com","IDI02CBJ9VX"
"Ronan","Bradshaw","cursus.nunc@icloud.org","JEQ26SNP3DO"
"Regina","Singleton","auctor.quis.tristique@google.org","ROO74QCL3EC"
"Cathleen","Langley","tortor@protonmail.com","UGR45CUH8ZQ"
"Emily","Bauer","sodales.mauris.blandit@aol.org","KEN18MDE8WF"
"Austin","Reeves","luctus.curabitur@aol.couk","GNQ69YPN5BP"
"Stuart","Garza","pharetra@yahoo.org","CEG97YUR3TY"
"Angela","Bauer","lacus@yahoo.edu","CKL81JJE1LA"
"Candace","Palmer","massa.vestibulum@outlook.net","XST75FKJ7BK"
"Kelsey","Hubbard","nisi@protonmail.com","OUG16ARA2FV"
"Tiger","Maldonado","malesuada@yahoo.net","FJI88UWU4DE"
"Kenyon","Weeks","phasellus.libero@yahoo.org","ETY70TWR7KS"
"Yardley","Alvarez","laoreet.posuere.enim@hotmail.edu","SZB27MJV8ER"
"Felicia","Ball","nec.ligula@outlook.couk","VSG52KOM5GF"
"Christopher","Barnes","vestibulum.ante@aol.edu","GTJ10KZP1GM"
"Daryl","Mccoy","tortor@icloud.com","FOU62OSO8GL"
"Martin","Charles","ante@icloud.net","JOZ26YFV3IS"
"Jessamine","Allison","lectus.quis@hotmail.edu","JOP35CGY2NM"
"Guy","Dorsey","ultrices.a@yahoo.couk","YTW75HYK5SN"
"Slade","Reid","sed.malesuada@hotmail.ca","FXV65KWW3EK"
"Quyn","Pearson","odio@outlook.couk","FWM24RVV3JI"
"Melissa","Wallace","non@aol.ca","YBM86PUL0ER"
"Genevieve","Hurley","velit.eu@yahoo.com","EVY00JCG5XC"
"Brent","Aguilar","cursus.in.hendrerit@outlook.org","WYW32PMM1JP"
"Alexander","Morris","at@protonmail.net","RYH59RPY3FX"
"Blake","Hopper","senectus@icloud.org","SXX44BXW8HG"
"Evelyn","Barber","aliquam.eu@aol.net","RJL38XOM9XB"
"Zena","Walls","id.risus.quis@yahoo.org","LOD31SQV9FF"
"Camilla","Forbes","odio@hotmail.edu","FNW28ULM0IR"
"Angelica","Pickett","non.dapibus@protonmail.edu","EZY78SGS5UZ"
"Rhonda","Heath","mauris@yahoo.net","WFF13RIM3GN"
"Jael","Castro","diam@aol.net","PXI15KVP1TA"
"Evangeline","Diaz","arcu.vel@yahoo.couk","CKC38REX4TV"
"Blaze","Glenn","nunc.sed@outlook.ca","ENS41PJX3KZ"
"Karen","Mcknight","fringilla.euismod.enim@icloud.net","CBC58NTC0LL"
"Hiroko","Mason","molestie@hotmail.org","JTV05HDS5YY"
"Price","Ruiz","est.nunc@icloud.ca","WMR40WBM4NX"
"Maxine","Bolton","orci.ut.sagittis@outlook.org","DUM05GRV5FK"
"Germane","Burris","gravida.non@outlook.couk","HJD32JKJ6JH"
"Bell","Snyder","purus.sapien@aol.org","JSL20MRJ7DQ"
"Natalie","Mcclure","vitae.erat@protonmail.edu","EFF52KXR2GU"
"Miriam","Pope","dictum.eleifend@icloud.ca","KQF86UMU3NH"
"Brittany","Webster","aptent@icloud.couk","IOH91KRH5GL"
"Hu","Berger","etiam.gravida.molestie@outlook.ca","DLS83SNN2SE"
"Graham","Ramsey","duis.risus@icloud.edu","YXV82GSH5ER"
"Fay","Williams","arcu.vel@hotmail.edu","UQU20NLK1GX"
"Denise","Rosales","vulputate.dui@outlook.net","UUR10FXI8GF"
"Stephen","Duke","quis.tristique@yahoo.couk","AWU21CXW1GO"
"Molly","Workman","sollicitudin.a@icloud.edu","WLJ19EJF2YU"
"Lana","Terry","arcu.et.pede@google.couk","CSS64SHR7HX"
"Latifah","Charles","habitant@icloud.edu","FAB27DYK1IT"
"Paloma","Eaton","consectetuer.cursus@icloud.net","ODW23CKB6ZT"
"Rooney","Conley","nunc.mauris@outlook.net","UUU36SGW8UO"
"Brady","Gates","est@aol.couk","NWJ39KWV2PJ"
"India","Frazier","senectus.et@yahoo.com","RVW71CXU7GY"
"Timon","Navarro","dignissim.maecenas.ornare@yahoo.org","FDT96LIO4HH"
"Maisie","Richmond","lorem.ipsum@aol.com","PBF24ZAO7IA"
"Nash","Alexander","nec.urna.suscipit@icloud.ca","EXX79CND7KR"
"Colton","Bennett","feugiat.sed@protonmail.ca","GCQ38BVS1BA"
"August","Mcleod","nam@aol.com","VYF73RLL9NQ"
"Kylee","Murray","accumsan.sed@yahoo.edu","WIM55YKP7BD"
"Halla","Wade","ut.nisi@aol.net","IKC68JDJ3VY"
"Bernard","Bray","imperdiet.ullamcorper.duis@icloud.net","STG41ECO2BH"
"Ivana","Chen","a.enim@aol.com","XZJ55SEU4IC"
"Dorothy","Conner","luctus.ipsum@yahoo.edu","WPP36POL9WB"
"Ariel","Saunders","nunc.laoreet.lectus@yahoo.couk","ATN41MUX1YG"
"Dana","Chan","ac.facilisis.facilisis@google.net","LZO97UYL7UV"
"Velma","Woodward","montes@icloud.net","GXX04FMY9JC"
"Carter","Gill","lorem.ac@icloud.couk","SCU99KIR5ZB"
"Mohammad","Burris","sem.magna@aol.ca","ZLL80UTM3PC"
"Vance","Noel","non.lobortis.quis@icloud.edu","HCW22AHY5QB"
"Quin","Robles","tincidunt.congue.turpis@yahoo.couk","FMI52CMT6HF"
"Joshua","Flynn","facilisis.facilisis.magna@yahoo.edu","XRW42TXH1ZN"
"Cedric","Sharpe","posuere.cubilia@hotmail.couk","GFC48OZU9XS"
"Yetta","Delacruz","odio.phasellus@protonmail.com","MXQ60RLC6XY"
"Eliana","Walters","dolor.sit@aol.edu","MMQ97DFZ3JO"
"Barbara","Williams","conubia@protonmail.edu","FMV51RRI3LW"
"Gray","Rowland","augue.porttitor@protonmail.com","IYF07JKG4DT"
"Demetria","Mcpherson","congue@protonmail.edu","RPX10QPZ7GM"
"Aileen","Bright","feugiat.non.lobortis@outlook.ca","DJG62USO7JH"
"Norman","Scott","montes@hotmail.ca","LHW58QRI7VT"
"Kylan","Pate","risus@protonmail.org","LIW34FCK2GE"
"Daria","Miles","eu.odio.tristique@aol.couk","MAL34YCK7UE"
"Brianna","Warren","ac.mattis@outlook.net","FFE18BFV5PT"
"Caleb","Peters","donec@hotmail.couk","FPV90CQD4ZM"
"Odysseus","Cain","ac.ipsum.phasellus@icloud.com","TTK56LXE6UM"
"Maite","Hobbs","est.nunc@hotmail.edu","LHN86CAN1KT"
"Wylie","Holder","vulputate.risus@protonmail.ca","XRB36WWK4TS"
"Forrest","Navarro","ac@outlook.net","LSC76FDI8DP"
"Evan","Curtis","ipsum.sodales@protonmail.com","PFT95IDR2LX"
"Aphrodite","Rocha","molestie.sodales.mauris@hotmail.org","EUD45PQQ3AO"
"Maya","Sherman","congue.turpis@protonmail.couk","ZKX60FTL2TO"
"Gisela","Carey","dui.suspendisse@outlook.ca","MFX52GZZ4DD"
"Leigh","Mclean","dolor.nonummy.ac@hotmail.com","IWG56CIJ0IW"
"Murphy","Holland","at.auctor.ullamcorper@aol.edu","QPU45JKK4WZ"
"Ria","Daniels","ultricies@yahoo.net","LFB57FEM8QD"
"Susan","Avila","quis.lectus@protonmail.net","DQH75SCY3CR"
"Chancellor","Fuller","elementum.lorem.ut@google.ca","IWN71MMP2PT"
"Orla","Williamson","dolor@protonmail.org","AUS27HJG4UP"
"Harding","Mays","ac.feugiat@protonmail.net","GTF36MRS7HT"
"Donna","Fields","dui.nec.tempus@hotmail.net","VNV57DTU4BV"
"Edward","Little","nunc@hotmail.net","QPD45CPN3SP"
"Kirestin","Mcbride","lectus.ante@hotmail.com","JLT22OKD8TL"
"Trevor","Farrell","lorem.donec@aol.net","JPI84YEB6JM"
"Eleanor","Mcfarland","ullamcorper.eu@protonmail.couk","TWS52KVP8VU"
"James","Franco","at@yahoo.net","KJT65RVU4IG"
"Gareth","Tillman","lobortis.quam@outlook.org","FQQ42PXH8YU"
"Christine","Valenzuela","nibh@aol.net","KMK28GOE1SX"
"Hop","Roman","mauris.morbi@outlook.com","KQB87JUF9BJ"
"Connor","Chang","elementum.purus@protonmail.org","JJT55BGN4MM"
"Cherokee","Petersen","sed.leo@hotmail.org","VET20TWB0TY"
"Yoko","Chen","augue@yahoo.ca","DUL78UTI1UP"
"Haley","Harper","mauris.nulla@icloud.org","BMA68PLD3TE"
"Kenyon","Newton","parturient.montes.nascetur@yahoo.net","MHD92SEG7OH"
"Lynn","Bailey","tincidunt.adipiscing.mauris@aol.net","XNA57QYJ9EH"
"Halee","Rowe","sit@aol.net","GCV20JGV9UJ"
"Kasper","Dillard","id@protonmail.net","QVF48WWX5NV"
"Cade","Briggs","tellus.eu.augue@protonmail.ca","OIC85LTH1AA"
"Caldwell","Higgins","et@yahoo.edu","HHW22GTB3QD"
"Jenette","Bird","ipsum@yahoo.net","POA41NPJ5NH"
"Zelda","Conner","magna.duis.dignissim@protonmail.ca","WCF30MSY7VF"
"Castor","Walton","sem.semper@google.couk","XRB22WLJ1VV"
"Leigh","Keith","lorem.eu@icloud.org","GUQ84DIS8QJ"
"Ishmael","Pennington","odio@outlook.ca","NKJ99ZKY3VT"
"George","Beck","phasellus.at@hotmail.org","KOI10OSQ1RY"
"Zeph","O'Neill","quam.curabitur.vel@outlook.edu","MXM23YPU1XE"
"Uta","Mclean","etiam.ligula@outlook.com","QJL80IBX2GU"
"Erica","Cash","erat.eget.tincidunt@hotmail.org","BDI11DQD6NC"
"Audrey","Acevedo","cubilia.curae.phasellus@icloud.couk","WEV92JJS7ZI"
"Robin","Garner","dis.parturient@yahoo.edu","QND73VLV2FA"
"Iona","Leonard","tellus.imperdiet@protonmail.org","VEU77WTF1RF"
"Graiden","Duran","nisi.sem@icloud.edu","BWO34OJT3HQ"
"Kathleen","Burns","sodales.mauris@icloud.couk","SGU72PJD1QK"
"Wallace","Hurst","eu.metus.in@hotmail.net","BZX61GJV8BZ"
"Andrew","Foley","blandit.congue.in@yahoo.couk","NKU17VSI2NX"
"Doris","Williamson","magna.ut.tincidunt@icloud.edu","CGW26BAC3QI"
"Allen","Leon","semper@outlook.net","NFY66HJG3WJ"
"Jessica","Parker","amet.massa@aol.net","DOH41GQF8NN"
"Griffith","Maldonado","duis@hotmail.net","GDR14XEJ1MI"
"Dennis","Harvey","donec.tempor.est@protonmail.ca","ZUX88CHP4XR"
"Suki","Powers","feugiat.placerat.velit@aol.couk","CVD23MBY9ER"
"Rebekah","Coleman","duis.dignissim.tempor@outlook.couk","EEY75UPG1OI"
"Colt","Salazar","neque.morbi@hotmail.edu","KKJ81LKR0RI"
"Amela","Caldwell","mollis.vitae.posuere@protonmail.net","QPD42FIZ5OI"
"Aphrodite","Carr","ut.molestie@google.net","JXM72BMQ7MI"
"Allen","Wong","at.nisi.cum@outlook.edu","EPI36QCW2TX"
"Hedy","Ellis","blandit.nam.nulla@yahoo.org","YUL88PMO4QL"
"Baxter","Roy","feugiat.sed@aol.org","YXO31DXF0VE"
"Jelani","Shaffer","amet.ante.vivamus@outlook.org","EHG36IWE7AS"
"Driscoll","Mueller","fermentum.arcu.vestibulum@icloud.com","DPF67ECI8GP"
"Yardley","Chaney","enim.gravida.sit@protonmail.org","WAS66XMO5OR"
"Kareem","Mills","urna.convallis@hotmail.org","QWV66EPB2HL"
"Quyn","Bruce","malesuada.vel@google.edu","HJC88MCL6TL"
"Dillon","Conrad","dignissim.maecenas@google.com","OBG93FBL6MU"
"Ali","Espinoza","litora.torquent.per@outlook.org","FBN24GJH2VK"
"Rae","Doyle","a.aliquet@outlook.edu","JAW09POK1UR"
"Ryan","Morin","dictum@icloud.edu","QGJ95CKO6HX"
"Vaughan","Drake","sed.est@yahoo.couk","BNO81CHV6ZX"
"Peter","Mcdowell","volutpat.nunc@outlook.net","OXD45RML5EE"
"Baker","Ware","vitae.sodales.nisi@yahoo.couk","BLP87PSC3DB"
"Ivy","Lang","purus.nullam@outlook.org","EWZ80MJG0BQ"
"Tate","Garner","proin.eget@protonmail.com","FQN28WLY3JU"
"Hayes","Holmes","malesuada@google.ca","BKQ21ONY8SD"
"Warren","Blackburn","eget.massa@aol.couk","SVV68TMF6TT"
"Boris","Mueller","ipsum@yahoo.edu","NRM53CCC6RP"
"George","Hinton","aliquet.magna@yahoo.couk","MQF71TRY2VG"
"Keelie","Cooley","integer@google.net","QZN74GHY4XF"
"Piper","Robles","nonummy.fusce.fermentum@yahoo.org","TNF16KKE9EJ"
"Tallulah","Perez","morbi@yahoo.net","HTT31EWM8NX"
"Macy","Norton","arcu.vel@icloud.net","TNB37KNE3YU"
"Walker","Mays","quis.tristique.ac@protonmail.edu","FPL43GOA8LJ"
"Kelsey","Acosta","faucibus.orci@hotmail.edu","END22BIF8FY"
"Uriel","Farmer","sit.amet@yahoo.couk","FON93FYH9YY"
"Odysseus","Woodard","sollicitudin.orci.sem@google.net","OEL84GFJ4QG"
"Signe","Herrera","non@icloud.net","FIT50KFE6UW"
"Ora","Huff","vivamus@hotmail.ca","IZV76MIW3EX"
"Ferdinand","Maddox","sit@yahoo.com","EFP45PFT6DA"
"Fletcher","Kelley","sapien.nunc.pulvinar@hotmail.ca","FXX42MXH0NS"
"Steven","Mckinney","urna.convallis@aol.ca","XNZ63LXT9XL"
"Howard","Lewis","arcu.vivamus.sit@protonmail.net","GGK02FLM6GD"
"Moana","Meyer","turpis.aliquam@icloud.org","IEF50MZR8ZO"
"Alisa","Rojas","ipsum.suspendisse@protonmail.org","DCS78LIN2IB"
"Kaseem","Merritt","ultricies@hotmail.com","SAB51IMR3HO"
"Duncan","Moses","lacinia.at@outlook.ca","CBQ12LRB2UN"
"Nell","Brooks","nibh@icloud.couk","GID19KYL6YI"
"Jessica","Pope","cursus.non@outlook.edu","MRL31POT3VF"
"George","Sandoval","id.ante.dictum@hotmail.com","HMX84DHE3IO"
"Dillon","Burnett","lectus.cum@aol.couk","XIE62JAA2HK"
"Perry","Rivers","nibh.vulputate@outlook.net","ONN66UFR6MM"
"Lillith","Sheppard","arcu@aol.org","LGW17OUY9NU"
"Buckminster","Snyder","rutrum.non@icloud.com","EHI83GHY1PY"
"Desirae","Hoffman","nulla.dignissim@outlook.com","ERH24OVU1BU"
"Urielle","Downs","id.libero@outlook.couk","KPM01ENE6TO"
"Winifred","Grant","phasellus.ornare@outlook.ca","YCL20HFY2IC"
"Ulysses","Ewing","non.sollicitudin.a@hotmail.com","CPW78SVK6HL"
"Jesse","Hensley","eget.tincidunt@protonmail.couk","FDU53VKF7DU"
"Mia","David","duis@hotmail.ca","KMR45UXB9VA"
"Tatyana","Powell","velit.in@icloud.edu","LQL12ZDV3OT"
"Yuli","Gilliam","eu.ultrices@outlook.couk","AWC12ILM5CI"
"Kay","Mendez","sollicitudin.a.malesuada@hotmail.ca","GPR12UML1JW"
"Holly","Jones","curabitur.sed.tortor@outlook.ca","XAS82BUR2TC"
"Ezekiel","Dodson","id.enim.curabitur@yahoo.net","XOM89MBE5EN"
"Tiger","Christian","euismod.enim@icloud.org","CXV57BXV4DM"
"Brielle","Schwartz","odio@yahoo.ca","VDG25HSM1TI"
"Blaze","Duffy","sed@aol.couk","SUM26TQM6QK"
"Jessica","Barnes","ante.ipsum.primis@yahoo.edu","NUT12DBF7LG"
"Astra","Trujillo","lectus.nullam@protonmail.net","FDY58OAW4HK"
"Amal","Hester","convallis.ligula@protonmail.edu","ABO76LFY8WI"
"Kevin","Gomez","nec.eleifend.non@icloud.com","BNT44YVN6GK"
"Fulton","Hughes","nisl.maecenas.malesuada@google.net","PQL12ODS1WM"
"Brent","Mcfarland","ipsum.donec@hotmail.net","CMX15JRM9SH"
"Kiona","Barry","accumsan@icloud.com","SBV98VFD5XW"
"Rana","Bender","velit.justo@google.couk","MYE51KUO0XG"
"Gareth","Carey","arcu.vestibulum@icloud.edu","JPF77JPW9QA"
"Zoe","Case","eu.nibh@protonmail.net","CIY65ZZK7HD"
"Wilma","Witt","arcu.vestibulum@outlook.com","GRW29NQA2KB"
"Beck","Pruitt","aptent.taciti.sociosqu@hotmail.edu","RJG46JEC4LV"
"Justin","Paul","arcu@yahoo.net","TMW81ACY6JK"
"Avye","Petersen","sapien@google.net","NNN65VCR1SF"
"Russell","Mclean","velit.dui@aol.couk","GZS96QTM7TE"
"Myles","Haley","est.arcu.ac@aol.couk","CHY10UDQ8EM"
"Alana","Cummings","integer@google.org","IBY74EPQ7XF"
"Leandra","Hale","convallis.convallis@icloud.ca","TMG51RNL9YP"
"Rylee","Burks","mi.ac@hotmail.couk","AEN02BYX5VM"
"Gray","Case","duis.cursus@yahoo.ca","ZPE39QYX4GQ"
"Sonya","Wilkins","nam.nulla@hotmail.net","VRS61TFE1FL"
"Quintessa","George","pretium.et.rutrum@hotmail.ca","ACW44TVT0DT"
"Maya","Richard","a.auctor@google.couk","TMD39PAV6YV"
"Gillian","Kline","posuere.cubilia.curae@icloud.com","PVA24EWI7CC"
"Willow","Cooper","lorem.eu@outlook.couk","UIU05KEH5FF"
"Rhiannon","Kaufman","pede.cras@aol.net","UFM97QUO2UQ"
"Iliana","Ross","cras.pellentesque@google.com","FIW86RPL8BM"
"Clinton","Riddle","phasellus.libero@yahoo.couk","DAL56BXG3MH"
"Justina","Hansen","viverra@yahoo.ca","BXQ88AKR4EH"
"Yuri","Parsons","eget.lacus.mauris@protonmail.ca","WNB59LTA4UE"
"Kiayada","Morse","convallis.est.vitae@protonmail.net","VDZ32DYL7ZO"
"Willow","Sparks","montes.nascetur@icloud.couk","GFO15BOJ3WG"
"Andrew","Valencia","amet.dapibus@protonmail.com","SXG82MIT7LH"
"Dieter","Sloan","nec@google.net","GRV76UDC9BT"
"Martina","Donaldson","ante.bibendum@icloud.net","CCJ82SPI1LA"
"Wendy","Cohen","et.magnis@protonmail.net","SET46SEH1EA"
"Nadine","Hooper","nec.tempus@yahoo.org","CIV25MHB8SC"
"Paula","Cline","phasellus.libero@outlook.com","JAG35WGV5SN"
"Isadora","Delgado","donec.tempus@yahoo.couk","WWM71LBL4QV"
"Medge","Riley","interdum.ligula@google.ca","CHX57WKM6UD"
"Stuart","Parrish","consequat.dolor@google.couk","MFJ73WZK6XN"
"Asher","Page","fringilla@icloud.net1","EHV46VOO7JS"
"Colorado","Haynes","nec@protonmail.couk","BYX88ZXX3XR"
"Brenda","Rojas","turpis.nulla.aliquet@outlook.couk","GDZ38JJL2XH"
"Lynn","Rodriquez","in.mi.pede@yahoo.edu","OCL88KME6OH"
"Francis","Ryan","malesuada.fames@protonmail.ca","MZV72LFY2VX"
"Marny","Rogers","arcu.vivamus@google.net","RXM38COV2ZL"
"Grady","Calderon","aliquam@aol.com","MKP18ZWE6LB"
"Michael","Barrera","orci.donec@hotmail.edu","LHO78FGK4BD"
"Sara","Skinner","felis.nulla@icloud.couk","EKO71EYY6LW"
"Farrah","Holland","sociis.natoque@hotmail.org","WBL89NSU2LT"
"Cruz","Dale","sed@protonmail.com","IWP36BOU1CD"
"Emerson","Acevedo","vehicula@google.org","MYL22HUF6FN"
"Sybill","O'connor","ut@hotmail.com","YSO55KGY1GW"
"Whitney","Rocha","at@outlook.ca1","KUC67CIQ4QG"
"Joseph","Fields","tellus.eu.augue@hotmail.ca","FHO55RUO0IN"
"Ivor","Cherry","aenean@google.net","AVG34FSG7YB"
"Idona","Estrada","feugiat.nec@outlook.ca","PNU71VCC2IY"
"Meghan","Hatfield","mi.pede@google.couk","UEZ14GWL1OU"
"Piper","Stevens","nonummy.ultricies.ornare@google.edu","OEP45BGW1YX"
"Summer","Massey","sit@google.org","EBI80NHX2OZ"
"Hashim","Boyer","sodales.mauris.blandit@yahoo.edu","LKV61EZJ8YP"
"Jaime","Castaneda","neque.pellentesque.massa@outlook.couk","TQJ15QZX8JL"
"Cecilia","Vaughan","interdum@hotmail.com","FAU39MEM0JB"
"Nasim","Walton","augue@aol.net","CJB05KTR4GT"
"Madaline","Peters","porttitor.interdum@icloud.edu","NMN10MPY6IE"
"Zephr","Cain","eu.nulla.at@yahoo.net","LHP11JHF6OC"
"Craig","Hall","et.commodo@outlook.couk","LSL83DVJ8HF"
"Brian","Baxter","leo@aol.couk","TND14PQV7EM"
"Inga","Herrera","non.dapibus@outlook.couk","TKK06RXK3BR"
"Chandler","Wagner","interdum.curabitur@protonmail.net","SKL11SQN3KN"
"Harper","Lamb","non.sollicitudin@icloud.com","ORL23LNN2YZ"
"Ira","Cooper","sodales.purus@aol.couk","UZG51RTT7RJ"
"Phoebe","Ramsey","eros.turpis@icloud.org","TZP58YWC7IS"
"Galvin","Bryant","orci.lobortis.augue@yahoo.edu","JFK73HMM6UR"
"Randall","Martin","arcu@yahoo.edu2","QYY47EIG1KY"
"Felix","Kline","in@google.net","WYL47MLL0UG"
"Kyra","Sykes","turpis@outlook.couk","NVW85BNG0JI"
"Rajah","Hart","ornare.fusce@protonmail.com","RJU23WWK2FN"
"Channing","Wagner","a@protonmail.couk","FVG26TMN3DR"
"Vance","Newman","mi@hotmail.org","WYD24OFI5JB"
"Rhea","Dillard","ut.cursus@protonmail.com","NHV24QTW5JL"
"Elmo","Haley","integer.in@yahoo.org","OOD55IFV1ZP"
"Kessie","Rocha","vestibulum.neque.sed@aol.net","GIC16GQV8MH"
"Griffin","Gutierrez","natoque.penatibus.et@yahoo.edu","CRG34RVR6LL"
"Yvonne","Whitney","gravida.mauris.ut@outlook.couk","SCJ22TUC5UA"
"Brett","Durham","elementum@icloud.net","KEH39NME7MY"
"Emerald","Brown","ultricies.ligula.nullam@protonmail.edu","YEJ69LOX8QD"
"Russell","Fisher","dapibus.ligula@yahoo.ca","VBV30KPH1FF"
"Abigail","Goff","amet.diam.eu@yahoo.com","BVT59UOZ5VW"
"Susan","Santiago","ligula@protonmail.couk","OWA32QAK8KX"
"Basil","Rosa","arcu.imperdiet@icloud.couk","YDU68KXU5OM"
"Omar","Mays","orci.luctus@protonmail.com","VUR04RST1YX"
"Rachel","Mcgee","rutrum@protonmail.edu","GQO45SDS1HN"
"Yen","Kidd","pellentesque.habitant@hotmail.ca","FZD63UJS3XD"
"Carter","Key","pretium.neque.morbi@hotmail.ca","OWI45QDW5FE"
"Lance","Thompson","urna@outlook.com","UBB40TEY8FT"
"Basil","Travis","egestas.lacinia@yahoo.couk","EDE24ODF0MM"
"Keefe","Wolfe","aliquam.erat@protonmail.net","ZRJ11NEP8JN"
"Gabriel","Mclaughlin","magna.a@outlook.edu","GJQ22WVD5YF"
"Leila","Irwin","turpis.in.condimentum@hotmail.net","GBI73RMP6IS"
"Darryl","Guerra","adipiscing.non@hotmail.ca","VQU34YHT5RT"
"Patrick","Black","vel.arcu@outlook.couk","GTG34YGH1VK"
"Irma","Tillman","convallis.est.vitae@icloud.edu","QNC97QVX1BF"
"Jordan","Conrad","in.lorem@outlook.com","WVY53GBF4TI"
"Talon","Mason","natoque.penatibus@icloud.ca","WXQ72COE2HS"
"Paula","Knowles","lacinia@outlook.edu","PMD62RXQ9YQ"
"Pearl","Thompson","nullam.ut.nisi@protonmail.couk","DJB31BTO1XE"
"Chiquita","Hooper","hymenaeos.mauris.ut@aol.edu","UTX30MFH1WM"
"Bo","Austin","auctor.non@hotmail.couk","UCS05PXO8UL"
"Axel","Michael","elit.pharetra@protonmail.net","DSY11HYP7UO"
"Penelope","Reilly","tempus@google.ca","JJW75FYP8QX"
"Moses","Powers","non.hendrerit.id@protonmail.com","IOV28XMK8JK"
"Whitney","Carpenter","fermentum.risus@icloud.ca","NRX35JNR1RN"
"Daquan","Bean","donec.tempor@hotmail.ca","XTS72URI7PO"
"Quintessa","Howe","proin.dolor@icloud.edu","LXG18ULE1KF"
"Whilemina","Dotson","ac.mi@google.ca","ONT47PBI5QW"
"Stacey","William","nulla.interdum@icloud.couk","RGW15GZC4QD"
"Finn","Henson","lacus.quisque@protonmail.org","TQF25ULK1KI"
"Gage","Carey","a.nunc@icloud.ca","BWG19PYT5PU"
"Ava","Gardner","eu.nibh.vulputate@hotmail.net","WMU73DZL7ZU"
"Haley","Molina","neque.morbi.quis@protonmail.couk","LAP38GRU3PY"
"Vladimir","Church","ac.mi@icloud.net","FQO13FYR2IW"
"Jermaine","Hahn","lobortis.risus@protonmail.edu","MFT87KXB1GW"
"Ralph","Rice","sed@aol.org","DSY75BPW5RI"
"Scott","Ferrell","ut.mi.duis@hotmail.org","WXP02RMQ7XM"
"Alfonso","Washington","fermentum.risus@icloud.couk","OGG76LPL8TF"
"Zoe","Key","interdum.nunc@hotmail.org","KAW65IUP1MV"
"Rama","Clark","ornare.sagittis@aol.org","SBN02DVV1UO"
"Vanna","Levine","et.euismod@icloud.net","PCY41HUB7YE"
"Branden","Abbott","risus.duis@aol.net","UXN22EBO1DN"
"Erich","Stephens","nonummy.ultricies@aol.com","ESP11XYE9WI"
"Raphael","Hicks","elit.elit@protonmail.com","ZJB27XIR9BL"
"Aretha","Burris","nulla@hotmail.edu","CAL02MQS1SD"
"Kai","Munoz","sociis@google.couk","HNT79GJP0YU"
"Phillip","Gay","varius.nam.porttitor@yahoo.couk","WDW86KEC8LH"
"Tamekah","Barton","justo@hotmail.ca","TFX81PDR6MG"
"Isaac","Wong","duis@yahoo.net","MGB16FYC7VF"
"Tucker","Patton","risus.at@outlook.com","DBV45PLQ7JR"
"Breanna","Ferrell","cursus@icloud.ca","BED44YQY7QE"
"Luke","Kerr","a.feugiat@hotmail.edu","VFH73KPF7MU"
"Ariana","Kirk","faucibus.leo@google.net","JZY35VIZ2OS"
"Glenna","Sims","metus.urna.convallis@hotmail.edu","NSR62PLG6UT"
"Isaiah","Golden","adipiscing.elit@google.com","HJF21LSU5PA"
"Grady","Schneider","justo.sit.amet@hotmail.ca","GFS12XFJ0CZ"
"Skyler","Dickerson","id.erat.etiam@google.couk","NOI45LKV4CV"
"Garrison","Morse","accumsan.convallis@yahoo.couk","VPZ53VYY1AW"
"Kadeem","Sanford","magna.nam@icloud.ca","HNN00PFM6QM"
"Elijah","Dickerson","quisque.purus.sapien@protonmail.net","JUL57XYI2FN"
"Kylie","Reese","arcu@yahoo.ca","YWY28UZH7VQ"
"Moana","Byrd","ullamcorper.nisl.arcu@yahoo.com","IQS11FAZ8RL"
"Xena","Lancaster","vel.faucibus@google.net","VWZ31LGT3RE"
"Quynn","Dean","facilisis.non@outlook.couk","MDR17QJG5VI"
"Marah","Woodard","urna@protonmail.edu","LFV18BPM4CP"
"Genevieve","Waters","aliquam.eros.turpis@icloud.ca","RMV96ZYW2PJ"
"Selma","Mcfadden","in.consequat@google.net","CBV87IGG8VW"
"Thaddeus","Bond","eleifend.egestas.sed@icloud.com","FHH86BXB7MB"
"Mercedes","Compton","urna.justo@hotmail.ca","KFS20XES3VI"
"Nora","Pate","mauris.ut@outlook.couk","ZME23GUR7WN"
"Kyla","Howell","vitae@aol.com","EBX19FSY3UU"
"Reece","Ross","dolor.quam@yahoo.com","VKT03KDU5EI"
"Chelsea","Henry","nunc@yahoo.edu","SQT81HTE7AW"
"Stuart","Harper","proin.dolor.nulla@outlook.edu","APG32EEV9OG"
"Cameran","Hurst","neque.sed@icloud.org","SBC33UGD0BL"
"Jared","Mcfadden","risus@icloud.com","YRO82OMM1IM"
"Emily","Contreras","velit.cras@aol.net","BXM81GJV7VO"
"Marcia","Reynolds","porttitor.vulputate.posuere@hotmail.org","KFL47PPO8UU"
"Angela","Kramer","in.faucibus@aol.com","USW45URN2KK"
"Sasha","Kelly","tincidunt.aliquam.arcu@yahoo.edu1","TJX72FMX4CS"
"Austin","Johns","fringilla@outlook.edu","GPM06EXK2WI"
"Vera","Watts","a@yahoo.net","IGZ68WUF3YD"
"Paki","Clements","donec.nibh.enim@aol.couk","BHR08ECJ3JS"
"Keelie","Lara","ipsum.sodales@icloud.net","LZI34VRV5MN"
"Raja","Boyd","neque.vitae@yahoo.ca","CMG48OGZ4SG"
"Chester","Hayes","venenatis.a@yahoo.edu","ORI93GVR2JV"
"Jordan","Miller","sed.nulla@hotmail.com","YOH73NCJ5RG"
"Irene","Avery","pede.blandit.congue@yahoo.edu","HFF83XCI6TE"
"Cullen","Mendoza","iaculis.lacus@yahoo.org","CKJ55PVP7SC"
"Halla","Hopper","porttitor.eros@aol.net","OJK11QJF8RH"
"Teegan","York","sit.amet@aol.org","WFO29ECT0OY"
"Donovan","Guy","faucibus.orci@aol.net","IBM74GBY2UK"
"Ingrid","Wooten","enim@icloud.couk","UCL56EAP2SQ"
"Byron","Pearson","vestibulum.ante@protonmail.edu","EVT02SUY1BO"
"Eric","Haley","rutrum@icloud.com","HYV70VPH5SM"
"Kalia","Parsons","bibendum@hotmail.couk","UMV52CAA5QX"
"Neil","Austin","molestie.orci@outlook.ca","QKS87XHD4RI"
"Rajah","Hudson","semper.cursus@aol.couk","XIX75HEU1XV"
"Sierra","Rodgers","erat@yahoo.couk","VIU02RHB1VS"
"Linda","Trevino","mauris.vestibulum@icloud.net","JYT41QOI0JH"
"Janna","Ryan","aenean.gravida@icloud.org","BRQ62NNG7OW"
"Quon","Harrison","sodales.purus@icloud.net","QAR82WMI5UF"
"Brian","Blake","vulputate.velit@hotmail.net","KUT67XMG3II"
"Jessamine","Horn","purus.in.molestie@yahoo.net","DYH13YUT7QO"
"Zorita","Kim","suspendisse@yahoo.ca","RIB77TIV4DN"
"Brody","Stewart","vitae@hotmail.edu","QNF81PFE4CV"
"Amal","Dorsey","turpis.aliquam@yahoo.net","KDT51PTX6CJ"
"Alisa","Hart","vulputate.posuere.vulputate@protonmail.com","MDC30LFQ8CK"
"Gisela","Dennis","ridiculus.mus@outlook.ca","TTP20IBE7XG"
"Ingrid","Sykes","tempor@aol.edu","WJW25NAP1DA"
"Peter","Ewing","elit.pretium@hotmail.org","PEQ51ZIE9UQ"
"Ainsley","Pitts","pharetra.nam@yahoo.ca","EGT42ZHU8LO"
"Jamal","Kim","tempor.augue@yahoo.com","IDP61BVE1HP"
"Emmanuel","Berg","et.eros@protonmail.ca","CYJ16QXC2RH"
"Magee","Guy","luctus.lobortis@hotmail.ca","YXE57FBY6IP"
"Camden","Oneil","sed.est@protonmail.com","HJK37UEW1IN"
"Amelia","Summers","ullamcorper.nisl@hotmail.edu","RWH72CKQ4RQ"
"Ora","Deleon","feugiat.nec@hotmail.ca","YZB85MPT4WL"
"Murphy","Montoya","varius.ultrices@icloud.com","GNL45WDB2PL"
"Nicholas","Holloway","arcu.vestibulum@outlook.net","IAJ56DKQ8TF"
"Patrick","Rasmussen","blandit.mattis.cras@hotmail.com","AQH24AYX2GE"
"Igor","Andrews","mus@outlook.couk","YCT26LDU5TV"
"Hilel","Salas","erat.etiam@protonmail.com","SHM18YVG4SM"
"Jacob","Copeland","pellentesque.tellus.sem@protonmail.com","ZNM83KWZ5ET"
"Colleen","Mcgee","fermentum.convallis@hotmail.org","QHU51RWA0GE"
"Bo","Manning","nibh@yahoo.ca","UXD32WRU7NZ"
"Jessamine","Ochoa","blandit.congue@google.com","TFA01DUB7GK"
"Shelly","Downs","malesuada.augue@google.couk","SKO15ZEW1IO"
"Elmo","Alvarado","lacinia.vitae@yahoo.couk","NRJ77RPS9AL"
"Ivana","Hahn","erat@aol.com","OIP89RJF1BF"
"Clarke","Osborne","mauris.quis.turpis@protonmail.ca","ELN63KXB3IK"
"Iona","Clemons","habitant.morbi@outlook.ca","OFK88KYG5SN"
"Kirby","Lott","mauris.quis@yahoo.com","CRD71WNF7XZ"
"Ramona","Mccarthy","libero.nec.ligula@hotmail.org","OCW79XWG2GS"
"Benedict","O'donnell","aliquam.fringilla@yahoo.com","KJR34EJJ7RR"
"Ruby","Marshall","odio.vel@yahoo.org","GUJ65ZXY3KV"
"Kadeem","Farrell","hymenaeos@icloud.couk","AVV98GRH5MP"
"Emery","Ayers","proin.non.massa@outlook.com","CVX51JTU6PI"
"Pearl","Key","felis.nulla@protonmail.couk","TBZ11GPO1ER"
"Uriah","Russo","eu.tempor.erat@outlook.ca","DDG40LJT4BY"
"Denise","Robinson","sed.dui@outlook.com","PSD41UHU3SN"
"Jayme","Douglas","tellus.aenean.egestas@protonmail.net","PPP91RMQ8FJ"
"Basia","Kennedy","at@outlook.org","NFP75HHU4DF"
"Neville","Ross","vel.vulputate.eu@protonmail.net","KET39XBV1HE"
"Orla","Turner","risus@icloud.org","ODU22TIX5WP"
"Wilma","Owen","fermentum.vel@google.net","ROT71YKY3NV"
"Clare","Hampton","diam@protonmail.edu","LIO35MSY8DG"
"Quinn","Parks","ut@hotmail.org2","PVZ78UGL8SY"
"Briar","Burt","ullamcorper@google.org","YYW93YOA7ZB"
"Leah","Camacho","ut.pharetra.sed@outlook.com","KEK09GDK6UC"
"Cody","Landry","ut@hotmail.org3","NIK60IPP6MC"
"Alvin","Meadows","pellentesque@protonmail.com","XQS05KXU5VN"
"Piper","Murphy","molestie.arcu@outlook.ca","RYI82ONV8HE"
"Genevieve","Underwood","vitae.nibh@protonmail.couk","VKN74WLW8EG"
"Cleo","Fisher","magnis.dis@protonmail.com","EBD22ONY3MV"
"Keely","Newton","dictum@aol.com","NEL74OAT6EO"
"Charles","Ayers","penatibus.et@protonmail.edu","RCC25XAY2JP"
"Adam","Meyers","ac.mattis@yahoo.couk","MEG20GEI2ET"
"Yasir","Wilcox","cursus.diam@hotmail.org","XGX39ZGG7RT"
"Shannon","Christian","arcu@icloud.com","GPW18GSX6UO"
"Stacey","Lara","et.pede@protonmail.net","XEQ77TRP6MK"
"Tashya","Hancock","eros.nam@icloud.ca","HRC77CKX0TL"
"Eaton","Poole","lorem.auctor.quis@protonmail.ca","CJP52IMP6GC"
"Davis","Fulton","cursus.non.egestas@yahoo.ca","IIP41MHT1QD"
"Kermit","Alvarado","donec.nibh@yahoo.org","JXT60GJM6PR"
"Hilda","Callahan","felis.purus@protonmail.com","CSD31RTL8KY"
"Evan","Hurst","eget.tincidunt@hotmail.edu","BNN48JGB1YC"
"Arden","Figueroa","dictum.sapien@hotmail.ca","TQS93EDP6CK"
"Denise","Baldwin","sed@protonmail.couk","SOV85TQB7TT"
"Ivor","Contreras","ut.sem@icloud.couk","MTT26GDC0RW"
"Shelly","Mcgee","nibh.dolor.nonummy@outlook.ca","XYT46QXU6YQ"
"Germaine","Holder","urna.nullam@protonmail.couk","JQP47NQB6VN"
"Joel","Lawson","vulputate.eu.odio@hotmail.couk","NEJ28BZG5RL"
"Dean","Fischer","nunc.nulla@hotmail.couk","RVJ85YFG4FC"
"Quynn","Potter","egestas.sed@google.edu","UIV62IDE2PW"
"Cailin","Dudley","curabitur@google.org","XYM84ZBU4EX"
"Ivana","George","mollis.lectus.pede@google.ca","FPQ81KDT6SX"
"Dieter","Morrison","purus.nullam@protonmail.net","OMU35OXG1AX"
"Judith","Santiago","neque.pellentesque@yahoo.ca","ANP72MOR7RM"
"Cally","Perkins","et.magnis.dis@outlook.couk","GQH74OWU6TK"
"Haley","Whitney","sollicitudin.a@aol.edu","DWV67NDT2VX"
"Ivory","Wilder","orci@protonmail.couk","GQJ61NJJ3XQ"
"Jemima","Martin","lobortis.quis@outlook.edu","PAU51VRY3RK"
"Risa","Terry","metus.vitae@google.edu","XON63FMM4KM"
"Zachary","Swanson","tellus.lorem@google.net","FLB66QFD2OM"
"Jorden","Ballard","lobortis.tellus.justo@icloud.edu","UBN89OKD8WB"
"Gabriel","Finley","taciti.sociosqu.ad@aol.org","HMK97FMB6BL"
"Ishmael","Greer","adipiscing.mauris@google.ca","XOJ35BET4LR"
"Alfonso","Rivera","proin.sed.turpis@outlook.ca","UVJ89IQA8HD"
"Ronan","Hale","neque@icloud.com","DET49AWC7UP"
"Kelsie","Camacho","hendrerit.id@yahoo.org","XKR28DWM9CS"
"Naomi","Rowe","nunc.mauris@aol.net","YUE72TGJ4LQ"
"Dean","Ewing","pharetra.quisque.ac@yahoo.net","HSB43HYJ7GI"
"Courtney","Stewart","nulla.integer.vulputate@outlook.com","DMS41HQJ3EW"
"Ignatius","Barker","in@google.org","SCP75BYD1MB"
"Pamela","Camacho","sed.leo@protonmail.edu","ESU11NUY0QH"
"Shad","Johnson","dolor.tempus.non@icloud.ca","WJK86EGD2ET"
"Willow","Rivers","pellentesque.tellus@aol.couk","BJE38VRM4IX"
"Cora","Langley","tellus.non.magna@outlook.net","PKT41TXY3KL"
"Shana","Medina","pharetra.quisque.ac@hotmail.ca","YDN15OER3SI"
"Harrison","Carrillo","nisl.nulla@protonmail.ca","GTS04XFL1OE"
"Brennan","Wheeler","enim.sed.nulla@outlook.edu","PEX68EHN2YA"
"Stacy","Mosley","velit.quisque@outlook.ca","NTI45SKY3QM"
"Melinda","Ward","ultricies.ligula@yahoo.com","KOS83GQM8WK"
"Melissa","Small","urna.suscipit.nonummy@icloud.edu","RMV39KOR2XC"
"Pascale","Savage","eu.augue@yahoo.com","SJC95VTP2UG"
"Valentine","Lester","tempor.diam.dictum@hotmail.net","OEH94OUQ2JD"
"Sebastian","Donaldson","facilisis@yahoo.edu","QKD79IVQ5VI"
"Wylie","Mooney","justo@icloud.com","GEQ52OOB2RE"
"Kylie","Jacobson","venenatis.a@aol.couk","KKY33QPO3AP"
"Mannix","Camacho","netus.et@aol.couk","CQX09QNL6TZ"
"Britanni","Strickland","justo.eu.arcu@protonmail.com","BII93TKK3KN"
"Ima","Stanton","aliquam@protonmail.com","BBK89ZHC4PY"
"Josiah","May","ut.nec@outlook.org","ISV78FPV8XW"
"Dexter","Parker","neque@outlook.edu","YBN68JHN1QB"
"Bevis","Zimmerman","congue@hotmail.couk","PZY72IUZ2US"
"Ethan","Oneil","a@google.couk","KWR13LFQ3HP"
"Lillith","Willis","magna.et@protonmail.couk","VCD09OPN3BC"
"Macy","Riley","posuere.cubilia.curae@protonmail.ca","YKV76DPD2FP"
"Owen","Talley","posuere.enim@yahoo.couk","CBB45BTN6TD"
"Hiroko","Mcdowell","venenatis.a@outlook.net","AJX48XUS6FM"
"Larissa","Pearson","aptent.taciti@yahoo.ca","RJU44GMG7ZB"
"Cameron","Lawson","eget@outlook.edu","CWI94ATX2DQ"
"Jael","Rowland","convallis@outlook.com","SGG37ERO2AW"
"David","Oneal","in.ornare@google.org","MEL45JGF8SC"
"Buckminster","Roman","gravida.non.sollicitudin@aol.edu","IVP51JXD1YK"
"Martena","Webb","tellus@icloud.org","PXY47ODN3VV"
"Quon","Salas","diam.lorem@aol.couk","EWL21DQB6US"
"Sarah","Bush","tristique.senectus@yahoo.ca","IMP55KKU1FD"
"Daquan","Bruce","congue@yahoo.ca","IIR21BQD7NF"
"Ainsley","Holcomb","fringilla@hotmail.ca","DYS77ZVL8AJ"
"Keegan","Garrett","leo.vivamus@aol.org","JFD57WMS2IV"
"Wynne","Emerson","mi@yahoo.org","TBK30SSM7JP"
"Logan","Farmer","nunc.sed@protonmail.couk","FRM47DQZ3EG"
"Rudyard","Rocha","feugiat.sed@yahoo.ca","UDP32PWO5SG"
"Wendy","Warren","lobortis@outlook.edu","FDX96DUQ6DD"
"Talon","Mcneil","fames.ac@aol.edu","FNR94ODC7QV"
"Blythe","Petersen","vehicula@aol.org","GAB81JIA2EH"
"Nero","Ortega","dolor.elit@hotmail.couk","PWZ26VDL2GM"
"Thane","Holloway","donec.non.justo@outlook.couk","LQS62BQQ8ET"
"Bianca","Estes","egestas.ligula.nullam@google.net","IVP66LOZ1RG"
"Reagan","Buck","tortor.nibh@hotmail.coco","FYY76FTK7RB"
"Gil","Kennedy","quisque.varius.nam@aol.edu","CME56WWQ3PR"
"Macy","Sawyer","orci@google.ca","XCX21LDL6PN"
"Brian","Gay","sodales.at@aol.couk","WJN88ZAO7XK"
"Kirestin","Hood","sed.sem.egestas@aol.couk","HTW60GYD7RI"
"Olivia","Petty","diam.nunc@aol.com","LSC13MWW6RI"
"Kirk","Lynch","nisi@protonmail.net","GKU51EQE5ON"
"Cadman","Fisher","metus.facilisis@outlook.com","FWA55HOV3LO"
"Christen","Schneider","arcu@yahoo.edu3","FEM83GIX8TH"
"Brynn","Carson","cursus@google.com","VSK68KLZ3FN"
"Ray","Camacho","aenean@yahoo.com","MVG49LHK1TC"
"Scarlett","Carney","facilisis.facilisis@icloud.org","DPF46WEY3RD"
"Alisa","Benton","phasellus.nulla.integer@aol.net","JKI87VWZ2JW"
"Arden","Cash","libero.nec@protonmail.edu","PXL68SNM5ED"
"Jael","Mejia","sit.amet@google.com","EIM26YLI3UG"
"Unity","Alston","rutrum.eu@icloud.ca","JKT26GJZ0VV"
"Kirestin","Harrington","turpis.non@yahoo.edu","XAI64AXW1LK"
"Rose","Bowers","eu.tellus.phasellus@google.com","GJP74DBF3EF"
"